timestamp,weather_precip_mm,weather_temp_c,weather_wind_kmh,usgs_potomac_upstream,usgs_potomac_upstream_flow,usgs_potomac_downstream,usgs_potomac_downstream_flow,weather_precip_6h_sum,weather_precip_12h_sum
2026-03-16 05:00:00+00:00,0.0,14.3,21.1,3.4,8880.0,4.07,10900.0,0.1,0.1
2026-03-16 06:00:00+00:00,0.6,14.2,21.3,3.4,8877.5,4.069166666666667,10891.666666666666,0.7,0.7
2026-03-16 07:00:00+00:00,0.1,15.1,18.6,3.3925,8842.5,4.065,10850.0,0.7999999999999999,0.7999999999999999
2026-03-16 08:00:00+00:00,0.0,15.8,17.8,3.38,8787.5,4.060833333333333,10808.333333333334,0.7999999999999999,0.7999999999999999
2026-03-16 09:00:00+00:00,0.0,16.5,15.9,3.37,8742.5,4.06,10800.0,0.7999999999999999,0.7999999999999999
2026-03-16 10:00:00+00:00,0.0,17.3,13.6,3.3625,8710.0,4.058333333333333,10783.333333333334,0.7,0.7999999999999999
2026-03-16 11:00:00+00:00,0.0,17.3,18.5,3.355,8680.0,4.053333333333334,10733.333333333334,0.7,0.7999999999999999
2026-03-16 12:00:00+00:00,1.7,17.4,21.3,3.35,8660.0,4.05,10700.0,1.7999999999999998,2.5
2026-03-16 13:00:00+00:00,0.0,17.8,14.6,3.34,8610.0,4.05,10700.0,1.7,2.5
2026-03-16 14:00:00+00:00,0.0,18.8,17.1,3.33,8570.0,4.049166666666666,10691.666666666666,1.7,2.5
2026-03-16 15:00:00+00:00,0.0,18.1,14.6,3.33,8565.0,4.045,10650.0,1.7,2.5
2026-03-16 16:00:00+00:00,0.0,19.5,23.2,3.34,8612.5,4.05,10700.0,1.7,2.3999999999999995
2026-03-16 17:00:00+00:00,0.0,20.1,18.8,3.32,8522.5,4.053333333333334,10733.333333333334,1.7,2.3999999999999995
2026-03-16 18:00:00+00:00,0.0,20.1,32.4,3.31,8480.0,4.123333333333333,11433.333333333334,0.0,1.7999999999999998
2026-03-16 19:00:00+00:00,1.8,17.9,19.4,3.31,8480.0,4.409166666666667,14350.0,1.8,3.5
2026-03-16 20:00:00+00:00,0.7,17.1,13.4,3.31,8480.0,4.461666666666667,14916.666666666666,2.5,4.199999999999999
2026-03-16 21:00:00+00:00,0.0,16.6,17.3,3.3075,8470.0,4.3425,13625.0,2.5,4.199999999999999
2026-03-16 22:00:00+00:00,0.0,18.0,18.2,3.3024999999999998,8450.0,4.281666666666667,13016.666666666666,2.5,4.199999999999999
2026-03-16 23:00:00+00:00,0.0,17.9,24.7,3.3049999999999997,8460.0,4.281666666666667,13016.666666666666,2.5,4.199999999999999
2026-03-17 00:00:00+00:00,0.0,17.7,18.9,3.3175,8510.0,4.29,13100.0,2.5,2.4999999999999996
2026-03-17 01:00:00+00:00,0.2,11.9,35.8,3.3325,8580.0,4.301666666666667,13216.666666666666,0.8999999999999999,2.7
2026-03-17 02:00:00+00:00,5.4,5.5,29.2,3.3575,8687.5,4.326666666666667,13466.666666666666,5.6000000000000005,8.100000000000001
2026-03-17 03:00:00+00:00,1.8,2.4,33.3,3.3675,8730.0,4.404166666666667,14308.333333333334,7.4,9.9
2026-03-17 04:00:00+00:00,0.2,2.8,23.3,3.375,8765.0,4.4125000000000005,14408.333333333334,7.6000000000000005,10.100000000000001
2026-03-17 05:00:00+00:00,0.0,3.0,22.4,3.39,8832.5,4.389166666666667,14091.666666666666,7.6000000000000005,10.100000000000001
2026-03-17 06:00:00+00:00,0.0,1.9,20.1,3.425,8985.0,4.386666666666667,14066.666666666666,7.6000000000000005,10.100000000000001
2026-03-17 07:00:00+00:00,0.0,1.5,21.1,3.4775,9220.0,4.379166666666666,13991.666666666666,7.4,8.3
2026-03-17 08:00:00+00:00,0.0,0.6,24.9,3.5225,9425.0,4.3741666666666665,13941.666666666666,2.0,7.6000000000000005
2026-03-17 09:00:00+00:00,0.0,0.4,18.0,3.5324999999999998,9470.0,4.378333333333333,13983.333333333334,0.2,7.6000000000000005
2026-03-17 10:00:00+00:00,0.0,-0.1,19.1,3.5375,9490.0,4.3758333333333335,13958.333333333334,0.0,7.6000000000000005
2026-03-17 11:00:00+00:00,0.0,-0.4,16.2,3.5425,9512.5,4.365,13850.0,0.0,7.6000000000000005
2026-03-17 12:00:00+00:00,0.0,-0.4,15.8,3.5575,9580.0,4.355833333333334,13758.333333333334,0.0,7.6000000000000005
2026-03-17 13:00:00+00:00,0.0,0.6,19.5,3.5725,9650.0,4.351666666666667,13716.666666666666,0.0,7.4
2026-03-17 14:00:00+00:00,0.0,2.4,22.0,3.57,9640.0,4.345,13650.0,0.0,2.0
2026-03-17 15:00:00+00:00,0.0,3.0,23.6,3.5725,9647.5,4.354166666666667,13741.666666666666,0.0,0.2
2026-03-17 16:00:00+00:00,0.0,4.2,23.8,3.565,9615.0,4.36,13800.0,0.0,0.0
2026-03-17 17:00:00+00:00,0.0,5.2,20.5,3.5625,9602.5,4.3725,13925.0,0.0,0.0
2026-03-17 18:00:00+00:00,0.0,5.5,20.0,3.545,9525.0,4.39,14108.333333333334,0.0,0.0
2026-03-17 19:00:00+00:00,0.0,5.4,19.6,3.535,9480.0,4.4,14208.333333333334,0.0,0.0
2026-03-17 20:00:00+00:00,0.0,5.1,22.0,3.5175,9400.0,4.420833333333333,14508.333333333334,0.0,0.0
2026-03-17 21:00:00+00:00,0.0,4.7,18.3,3.5124999999999997,9380.0,4.441818181818181,14718.181818181818,0.0,0.0
2026-03-17 22:00:00+00:00,0.0,4.3,23.0,3.5025,9332.5,4.467777777777778,14977.777777777777,0.0,0.0
2026-03-17 23:00:00+00:00,0.0,3.3,22.7,3.495,9300.0,4.488333333333333,15183.333333333334,0.0,0.0
2026-03-18 00:00:00+00:00,0.0,2.2,23.9,3.5,9322.5,4.509166666666666,15391.666666666666,0.0,0.0
2026-03-18 01:00:00+00:00,0.0,1.0,18.9,3.5025,9332.5,4.528333333333333,15583.333333333334,0.0,0.0
2026-03-18 02:00:00+00:00,0.0,0.1,21.1,3.5,9320.0,4.545,15750.0,0.0,0.0
2026-03-18 03:00:00+00:00,0.0,-0.8,17.2,3.51,9370.0,4.559166666666666,15908.333333333334,0.0,0.0
2026-03-18 04:00:00+00:00,0.0,-1.5,15.8,3.5175,9402.5,4.576666666666667,16166.666666666666,0.0,0.0
2026-03-18 05:00:00+00:00,0.0,-2.9,9.6,3.5324999999999998,9470.0,4.589166666666666,16291.666666666666,0.0,0.0
2026-03-18 06:00:00+00:00,0.0,-4.2,6.9,3.55,9547.5,4.596666666666667,16366.666666666666,0.0,0.0
2026-03-18 07:00:00+00:00,0.0,-4.8,2.9,3.57,9637.5,4.609166666666667,16491.666666666668,0.0,0.0
2026-03-18 08:00:00+00:00,0.0,-5.0,3.4,3.59,9730.0,4.617500000000001,16575.0,0.0,0.0
2026-03-18 09:00:00+00:00,0.0,-4.9,2.5,3.6125,9832.5,4.620833333333334,16608.333333333332,0.0,0.0
2026-03-18 10:00:00+00:00,0.0,-4.4,5.9,3.6275,9900.0,4.62,16600.0,0.0,0.0
2026-03-18 11:00:00+00:00,0.0,-4.1,6.9,3.64,9960.0,4.614166666666667,16541.666666666668,0.0,0.0
2026-03-18 12:00:00+00:00,0.0,-2.8,6.2,3.6550000000000002,10050.0,4.609166666666667,16491.666666666668,0.0,0.0
2026-03-18 13:00:00+00:00,0.0,-1.6,10.8,3.665,10100.0,4.599166666666666,16391.666666666668,0.0,0.0
2026-03-18 14:00:00+00:00,0.0,-0.5,10.6,3.675,10100.0,4.586666666666667,16266.666666666666,0.0,0.0
2026-03-18 15:00:00+00:00,0.0,1.4,3.3,3.685,10150.0,4.573333333333333,16133.333333333334,0.0,0.0
2026-03-18 16:00:00+00:00,0.0,2.6,6.4,3.6950000000000003,10200.0,4.556666666666667,15875.0,0.0,0.0
2026-03-18 17:00:00+00:00,0.0,3.6,8.4,3.7,10200.0,4.5424999999999995,15725.0,0.0,0.0
2026-03-18 18:00:00+00:00,0.0,5.1,7.6,3.7025,10225.0,4.523333333333333,15533.333333333334,0.0,0.0
2026-03-18 19:00:00+00:00,0.0,5.5,11.5,3.71,10300.0,4.503333333333333,15333.333333333334,0.0,0.0
2026-03-18 20:00:00+00:00,0.0,6.1,11.5,3.7175000000000002,10300.0,4.486666666666667,15166.666666666666,0.0,0.0
2026-03-18 21:00:00+00:00,0.0,5.9,11.0,3.7075,10275.0,4.471666666666667,15016.666666666666,0.0,0.0
2026-03-18 22:00:00+00:00,0.0,5.4,10.5,3.7125,10300.0,4.456666666666667,14866.666666666666,0.0,0.0
2026-03-18 23:00:00+00:00,0.0,4.8,8.4,3.7175000000000002,10300.0,4.439166666666667,14691.666666666666,0.0,0.0
2026-03-19 00:00:00+00:00,0.0,3.9,5.7,3.7175000000000002,10300.0,4.43,14600.0,0.0,0.0
2026-03-19 01:00:00+00:00,0.0,2.9,8.4,3.72,10300.0,4.4158333333333335,14458.333333333334,0.0,0.0
2026-03-19 02:00:00+00:00,0.0,2.7,6.6,3.7275,10375.0,4.401666666666667,14233.333333333334,0.0,0.0
2026-03-19 03:00:00+00:00,0.0,2.8,5.6,3.73,10400.0,4.389166666666666,14091.666666666666,0.0,0.0
2026-03-19 04:00:00+00:00,0.0,2.7,9.2,3.74,10400.0,4.380833333333333,14008.333333333334,0.0,0.0
2026-03-19 05:00:00+00:00,0.0,2.5,6.3,3.74,10400.0,4.370833333333334,13908.333333333334,0.0,0.0
2026-03-19 06:00:00+00:00,0.0,2.5,8.4,3.74,10400.0,4.360833333333334,13808.333333333334,0.0,0.0
2026-03-19 07:00:00+00:00,0.0,2.2,10.9,3.74,10400.0,4.353333333333333,13733.333333333334,0.0,0.0
2026-03-19 08:00:00+00:00,0.0,1.9,6.8,3.7425,10425.0,4.35,13700.0,0.0,0.0
2026-03-19 09:00:00+00:00,0.0,1.5,6.0,3.75,10500.0,4.343333333333333,13633.333333333334,0.0,0.0
2026-03-19 10:00:00+00:00,0.0,1.6,7.1,3.75,10500.0,4.338333333333334,13583.333333333334,0.0,0.0
2026-03-19 11:00:00+00:00,0.0,1.8,5.9,3.76,10500.0,4.3308333333333335,13508.333333333334,0.0,0.0
2026-03-19 12:00:00+00:00,0.0,2.6,6.9,3.7624999999999997,10525.0,4.329166666666667,13491.666666666666,0.0,0.0
2026-03-19 13:00:00+00:00,0.0,4.0,9.2,3.77,10600.0,4.322500000000001,13425.0,0.0,0.0
2026-03-19 14:00:00+00:00,0.0,5.6,11.4,3.7775,10600.0,4.32,13400.0,0.0,0.0
2026-03-19 15:00:00+00:00,0.0,7.5,6.6,3.775,10600.0,4.319166666666667,13391.666666666666,0.0,0.0
2026-03-19 16:00:00+00:00,0.0,10.2,5.8,3.7725,10600.0,4.309166666666666,13291.666666666666,0.0,0.0
2026-03-19 17:00:00+00:00,0.0,12.0,7.3,3.78,10625.0,4.308333333333333,13283.333333333334,0.0,0.0
2026-03-19 18:00:00+00:00,0.0,13.8,2.5,3.7975,10700.0,4.305,13250.0,0.0,0.0
2026-03-19 19:00:00+00:00,0.0,14.6,2.3,3.8024999999999998,10700.0,4.3,13200.0,0.0,0.0
2026-03-19 20:00:00+00:00,0.0,14.5,7.1,3.8049999999999997,10700.0,4.3,13200.0,0.0,0.0
2026-03-19 21:00:00+00:00,0.0,14.9,7.4,3.8049999999999997,10700.0,4.29,13100.0,0.0,0.0
2026-03-19 22:00:00+00:00,0.0,14.7,5.4,3.8,10700.0,4.29,13100.0,0.0,0.0
2026-03-19 23:00:00+00:00,0.0,14.1,4.7,3.8049999999999997,10700.0,4.289166666666667,13091.666666666666,0.0,0.0
2026-03-20 00:00:00+00:00,0.0,12.4,7.0,3.8024999999999998,10700.0,4.285833333333334,13058.333333333334,0.0,0.0
2026-03-20 01:00:00+00:00,0.0,10.9,5.4,3.795,10700.0,4.285,13050.0,0.0,0.0
2026-03-20 02:00:00+00:00,0.0,10.4,5.5,3.78,10625.0,4.28,13000.0,0.0,0.0
2026-03-20 03:00:00+00:00,0.0,8.9,6.6,3.7649999999999997,10550.0,4.28,13000.0,0.0,0.0
2026-03-20 04:00:00+00:00,0.0,8.3,7.6,3.755,10500.0,4.28,13000.0,0.0,0.0
2026-03-20 05:00:00+00:00,0.0,7.6,5.5,3.745,10450.0,4.279166666666667,12991.666666666666,0.0,0.0
2026-03-20 06:00:00+00:00,0.0,6.8,7.9,3.7325,10400.0,4.28,13000.0,0.0,0.0
2026-03-20 07:00:00+00:00,0.0,5.9,6.6,3.7175000000000002,10300.0,4.2775,12975.0,0.0,0.0
2026-03-20 08:00:00+00:00,0.0,5.6,5.9,3.705,10250.0,4.274166666666667,12941.666666666666,0.0,0.0
2026-03-20 09:00:00+00:00,0.0,5.2,6.6,3.69,10200.0,4.27,12900.0,0.0,0.0
2026-03-20 10:00:00+00:00,0.0,4.9,10.1,3.6775,10100.0,4.269166666666666,12891.666666666666,0.0,0.0
2026-03-20 11:00:00+00:00,0.0,3.9,6.9,3.6675,10100.0,4.27,12900.0,0.0,0.0
2026-03-20 12:00:00+00:00,0.0,4.8,6.2,3.6550000000000002,10050.0,4.2683333333333335,12883.333333333334,0.0,0.0
2026-03-20 13:00:00+00:00,0.0,8.1,4.6,3.6425,9970.0,4.26,12800.0,0.0,0.0
2026-03-20 14:00:00+00:00,0.0,12.2,8.6,3.6325,9922.5,4.259166666666666,12791.666666666666,0.0,0.0
2026-03-20 15:00:00+00:00,0.0,14.0,11.8,3.6275,9900.0,4.2508333333333335,12708.333333333334,0.0,0.0
2026-03-20 16:00:00+00:00,0.0,16.7,11.0,3.62,9870.0,4.25,12700.0,0.0,0.0
2026-03-20 17:00:00+00:00,0.0,19.0,14.0,3.61,9822.5,4.245833333333334,12658.333333333334,0.0,0.0
2026-03-20 18:00:00+00:00,0.0,20.8,19.0,3.6,9780.0,4.239166666666667,12591.666666666666,0.0,0.0
2026-03-20 19:00:00+00:00,0.0,22.0,19.9,3.5875,9717.5,4.232500000000001,12525.0,0.0,0.0
2026-03-20 20:00:00+00:00,0.0,22.8,18.2,3.58,9682.5,4.229166666666667,12491.666666666666,0.0,0.0
2026-03-20 21:00:00+00:00,0.0,22.5,20.9,3.5725,9650.0,4.2175,12375.0,0.0,0.0
2026-03-20 22:00:00+00:00,0.0,21.8,23.2,3.565,9615.0,4.22,12400.0,0.0,0.0
2026-03-20 23:00:00+00:00,0.3,17.3,16.9,3.5549999999999997,9570.0,4.211666666666667,12316.666666666666,0.3,0.3
2026-03-21 00:00:00+00:00,0.2,15.2,5.1,3.545,9525.0,4.2091666666666665,12291.666666666666,0.5,0.5
2026-03-21 01:00:00+00:00,0.3,15.4,9.0,3.54,9500.0,4.203333333333333,12233.333333333334,0.8,0.8
2026-03-21 02:00:00+00:00,0.0,15.3,12.9,3.535,9480.0,4.2,12200.0,0.8,0.8
2026-03-21 03:00:00+00:00,0.0,15.2,4.7,3.53,9457.5,4.194166666666667,12141.666666666666,0.8,0.8
2026-03-21 04:00:00+00:00,0.0,14.7,2.5,3.53,9460.0,4.1875,12075.0,0.8,0.8
2026-03-21 05:00:00+00:00,0.7,13.8,5.1,3.525,9435.0,4.1883333333333335,12083.333333333334,1.2,1.5
2026-03-21 06:00:00+00:00,0.5,13.7,13.8,3.525,9435.0,4.189166666666667,12091.666666666666,1.5,2.0
2026-03-21 07:00:00+00:00,0.0,13.4,9.8,3.52,9410.0,4.1875,12075.0,1.2,2.0
2026-03-21 08:00:00+00:00,0.0,12.0,2.5,3.52,9410.0,4.1883333333333335,12083.333333333334,1.2,2.0
2026-03-21 09:00:00+00:00,0.0,11.3,0.7,3.52,9410.0,4.1866666666666665,12066.666666666666,1.2,2.0
2026-03-21 10:00:00+00:00,0.0,10.8,6.3,3.5124999999999997,9380.0,4.18,12000.0,1.2,2.0
2026-03-21 11:00:00+00:00,0.0,10.0,4.1,3.51,9370.0,4.178333333333334,11983.333333333334,0.5,1.7
2026-03-21 12:00:00+00:00,0.0,10.2,1.8,3.51,9370.0,4.171666666666667,11916.666666666666,0.0,1.5
2026-03-21 13:00:00+00:00,0.0,12.5,5.4,3.5025,9332.5,4.176666666666667,11966.666666666666,0.0,1.2
2026-03-21 14:00:00+00:00,0.0,15.2,10.7,3.5,9320.0,4.18,12000.0,0.0,1.2
2026-03-21 15:00:00+00:00,0.0,17.6,9.7,3.49,9280.0,4.178333333333334,11983.333333333334,0.0,1.2
2026-03-21 16:00:00+00:00,0.0,19.5,6.1,3.48,9232.5,4.180833333333333,12008.333333333334,0.0,1.2
2026-03-21 17:00:00+00:00,0.0,20.5,12.4,3.465,9165.0,4.179166666666666,11991.666666666666,0.0,0.5
2026-03-21 18:00:00+00:00,0.0,21.8,9.3,3.4525,9110.0,4.18,12000.0,0.0,0.0
2026-03-21 19:00:00+00:00,0.0,22.0,9.2,3.4425,9062.5,4.178333333333334,11983.333333333334,0.0,0.0
2026-03-21 20:00:00+00:00,0.0,21.9,10.9,3.43,9010.0,4.173333333333333,11933.333333333334,0.0,0.0
2026-03-21 21:00:00+00:00,0.0,21.2,6.4,3.42,8960.0,4.168333333333333,11883.333333333334,0.0,0.0
2026-03-21 22:00:00+00:00,0.0,21.6,2.6,3.4125,8930.0,4.161666666666666,11816.666666666666,0.0,0.0
2026-03-21 23:00:00+00:00,0.0,19.4,10.5,3.41,8920.0,4.156666666666667,11766.666666666666,0.0,0.0
2026-03-22 00:00:00+00:00,0.0,17.9,11.5,3.4025,8890.0,4.150833333333334,11708.333333333334,0.0,0.0
2026-03-22 01:00:00+00:00,0.0,16.3,8.4,3.4,8880.0,4.15,11700.0,0.0,0.0
2026-03-22 02:00:00+00:00,0.0,15.6,8.3,3.3925,8842.5,4.148333333333333,11683.333333333334,0.0,0.0
2026-03-22 03:00:00+00:00,0.0,15.1,15.3,3.39,8830.0,4.139166666666666,11591.666666666666,0.0,0.0
2026-03-22 04:00:00+00:00,0.0,14.3,14.5,3.39,8830.0,4.135,11550.0,0.0,0.0
2026-03-22 05:00:00+00:00,0.0,13.2,13.8,3.3775,8777.5,4.13,11500.0,0.0,0.0
2026-03-22 06:00:00+00:00,0.0,12.3,11.2,3.3675,8730.0,4.129166666666666,11491.666666666666,0.0,0.0
2026-03-22 07:00:00+00:00,0.0,12.0,10.2,3.365,8720.0,4.12,11400.0,0.0,0.0
2026-03-22 08:00:00+00:00,0.0,11.1,8.5,3.3625,8710.0,4.118333333333333,11383.333333333334,0.0,0.0
2026-03-22 09:00:00+00:00,0.0,10.6,8.4,3.36,8700.0,4.1125,11325.0,0.0,0.0
2026-03-22 10:00:00+00:00,0.0,9.9,4.8,3.36,8700.0,4.109166666666667,11291.666666666666,0.0,0.0
2026-03-22 11:00:00+00:00,0.0,8.9,6.0,3.355,8680.0,4.100833333333333,11208.333333333334,0.0,0.0
2026-03-22 12:00:00+00:00,0.0,9.4,6.2,3.3475,8647.5,4.094166666666666,11141.666666666666,0.0,0.0
2026-03-22 13:00:00+00:00,0.0,11.8,7.9,3.3475,8647.5,4.09,11100.0,0.0,0.0
2026-03-22 14:00:00+00:00,0.0,14.5,9.0,3.34,8610.0,4.09,11100.0,0.0,0.0
2026-03-22 15:00:00+00:00,0.0,16.8,10.4,3.34,8610.0,4.086666666666667,11066.666666666666,0.0,0.0
2026-03-22 16:00:00+00:00,0.0,20.3,9.4,3.34,8610.0,4.08,11000.0,0.0,0.0
2026-03-22 17:00:00+00:00,0.0,23.2,10.2,3.34,8610.0,4.08,11000.0,0.0,0.0
2026-03-22 18:00:00+00:00,0.0,25.1,12.9,3.34,8610.0,4.0775,10975.0,0.0,0.0
2026-03-22 19:00:00+00:00,0.0,27.2,13.1,3.34,8610.0,4.070833333333334,10908.333333333334,0.0,0.0
2026-03-22 20:00:00+00:00,0.0,28.7,14.8,3.335,8590.0,4.068333333333333,10883.333333333334,0.0,0.0
2026-03-22 21:00:00+00:00,0.0,29.0,16.8,3.3275,8557.5,4.066666666666666,10866.666666666666,0.0,0.0
2026-03-22 22:00:00+00:00,0.0,28.3,19.7,3.3225,8532.5,4.0616666666666665,10816.666666666666,0.0,0.0
2026-03-22 23:00:00+00:00,0.0,27.3,15.9,3.3125,8490.0,4.053333333333334,10733.333333333334,0.0,0.0
