timestamp,eden_sands_centre,petteril_botcherby
2026-01-06 00:00:00+00:00,0.457,0.619
2026-01-06 00:15:00+00:00,0.462,0.621
2026-01-06 00:30:00+00:00,0.459,0.624
2026-01-06 00:45:00+00:00,0.461,0.626
2026-01-06 01:00:00+00:00,0.459,0.627
2026-01-06 01:15:00+00:00,0.462,0.63
2026-01-06 01:30:00+00:00,0.46,0.631
2026-01-06 01:45:00+00:00,0.463,0.632
2026-01-06 02:00:00+00:00,0.464,0.634
2026-01-06 02:15:00+00:00,0.46,0.634
2026-01-06 02:30:00+00:00,0.461,0.636
2026-01-06 02:45:00+00:00,0.462,0.637
2026-01-06 03:00:00+00:00,0.465,0.638
2026-01-06 03:15:00+00:00,0.464,0.638
2026-01-06 03:30:00+00:00,0.462,0.639
2026-01-06 03:45:00+00:00,0.461,0.64
2026-01-06 04:00:00+00:00,0.461,0.641
2026-01-06 04:15:00+00:00,0.465,0.642
2026-01-06 04:30:00+00:00,0.461,0.642
2026-01-06 04:45:00+00:00,0.458,0.644
2026-01-06 05:00:00+00:00,0.459,0.643
2026-01-06 05:15:00+00:00,0.462,0.642
2026-01-06 05:30:00+00:00,0.458,0.643
2026-01-06 05:45:00+00:00,0.46,0.642
2026-01-06 06:00:00+00:00,0.464,0.642
2026-01-06 06:15:00+00:00,0.46,0.639
2026-01-06 06:30:00+00:00,0.463,0.641
2026-01-06 06:45:00+00:00,0.457,0.639
2026-01-06 07:00:00+00:00,0.462,0.636
2026-01-06 07:15:00+00:00,0.463,0.633
2026-01-06 07:30:00+00:00,0.455,0.631
2026-01-06 07:45:00+00:00,0.455,0.63
2026-01-06 08:00:00+00:00,0.46,0.624
2026-01-06 08:15:00+00:00,0.456,0.618
2026-01-06 08:30:00+00:00,0.459,0.612
2026-01-06 08:45:00+00:00,0.457,0.609
2026-01-06 09:00:00+00:00,0.452,0.607
2026-01-06 09:15:00+00:00,0.453,0.607
2026-01-06 09:30:00+00:00,0.455,0.605
2026-01-06 09:45:00+00:00,0.453,0.604
2026-01-06 10:00:00+00:00,0.454,0.603
2026-01-06 10:15:00+00:00,0.454,0.603
2026-01-06 10:30:00+00:00,0.453,0.603
2026-01-06 10:45:00+00:00,0.451,0.603
2026-01-06 11:00:00+00:00,0.449,0.603
2026-01-06 11:15:00+00:00,0.448,0.603
2026-01-06 11:30:00+00:00,0.454,0.605
2026-01-06 11:45:00+00:00,0.449,0.605
2026-01-06 12:00:00+00:00,0.452,0.607
2026-01-06 12:15:00+00:00,0.457,0.608
2026-01-06 12:30:00+00:00,0.453,0.61
2026-01-06 12:45:00+00:00,0.455,0.611
2026-01-06 13:00:00+00:00,0.453,0.613
2026-01-06 13:15:00+00:00,0.449,0.614
2026-01-06 13:30:00+00:00,0.451,0.616
2026-01-06 13:45:00+00:00,0.454,0.617
2026-01-06 14:00:00+00:00,0.454,0.62
2026-01-06 14:15:00+00:00,0.451,0.62
2026-01-06 14:30:00+00:00,0.453,0.622
2026-01-06 14:45:00+00:00,0.458,0.623
2026-01-06 15:00:00+00:00,0.453,0.625
2026-01-06 15:15:00+00:00,0.453,0.626
2026-01-06 15:30:00+00:00,0.453,0.627
2026-01-06 15:45:00+00:00,0.455,0.628
2026-01-06 16:00:00+00:00,0.456,0.631
2026-01-06 16:15:00+00:00,0.459,0.632
2026-01-06 16:30:00+00:00,0.461,0.632
2026-01-06 16:45:00+00:00,0.462,0.633
2026-01-06 17:00:00+00:00,0.464,0.635
2026-01-06 17:15:00+00:00,0.464,0.634
2026-01-06 17:30:00+00:00,0.459,0.635
2026-01-06 17:45:00+00:00,0.464,0.634
2026-01-06 18:00:00+00:00,0.462,0.633
2026-01-06 18:15:00+00:00,0.466,0.634
2026-01-06 18:30:00+00:00,0.463,0.633
2026-01-06 18:45:00+00:00,0.46,0.633
2026-01-06 19:00:00+00:00,0.472,0.633
2026-01-06 19:15:00+00:00,0.47,0.636
2026-01-06 19:30:00+00:00,0.472,0.636
2026-01-06 19:45:00+00:00,0.473,0.635
2026-01-06 20:00:00+00:00,0.476,0.634
2026-01-06 20:15:00+00:00,0.475,0.632
2026-01-06 20:30:00+00:00,0.479,0.631
2026-01-06 20:45:00+00:00,0.477,0.63
2026-01-06 21:00:00+00:00,0.48,0.63
2026-01-06 21:15:00+00:00,0.481,0.631
2026-01-06 21:30:00+00:00,0.482,0.633
2026-01-06 21:45:00+00:00,0.481,0.632
2026-01-06 22:00:00+00:00,0.482,0.63
2026-01-06 22:15:00+00:00,0.491,0.631
2026-01-06 22:30:00+00:00,0.488,0.632
2026-01-06 22:45:00+00:00,0.49,0.63
2026-01-06 23:00:00+00:00,0.49,0.63
2026-01-06 23:15:00+00:00,0.493,0.629
2026-01-06 23:30:00+00:00,0.497,0.629
2026-01-06 23:45:00+00:00,0.498,0.629
2026-01-07 00:00:00+00:00,0.497,0.629
2026-01-07 00:15:00+00:00,0.503,0.628
2026-01-07 00:30:00+00:00,0.504,0.63
2026-01-07 00:45:00+00:00,0.506,0.63
2026-01-07 01:00:00+00:00,0.505,0.634
2026-01-07 01:15:00+00:00,0.508,0.636
2026-01-07 01:30:00+00:00,0.511,0.636
2026-01-07 01:45:00+00:00,0.51,0.638
2026-01-07 02:00:00+00:00,0.51,0.636
2026-01-07 02:15:00+00:00,0.51,0.636
2026-01-07 02:30:00+00:00,0.512,0.637
2026-01-07 02:45:00+00:00,0.507,0.636
2026-01-07 03:00:00+00:00,0.514,0.635
2026-01-07 03:15:00+00:00,0.513,0.636
2026-01-07 03:30:00+00:00,0.514,0.635
2026-01-07 03:45:00+00:00,0.517,0.635
2026-01-07 04:00:00+00:00,0.518,0.635
2026-01-07 04:15:00+00:00,0.522,0.635
2026-01-07 04:30:00+00:00,0.525,0.634
2026-01-07 04:45:00+00:00,0.528,0.636
2026-01-07 05:00:00+00:00,0.531,0.635
2026-01-07 05:15:00+00:00,0.532,0.636
2026-01-07 05:30:00+00:00,0.534,0.636
2026-01-07 05:45:00+00:00,0.533,0.638
2026-01-07 06:00:00+00:00,0.54,0.638
2026-01-07 06:15:00+00:00,0.545,0.638
2026-01-07 06:30:00+00:00,0.541,0.64
2026-01-07 06:45:00+00:00,0.543,0.639
2026-01-07 07:00:00+00:00,0.542,0.639
2026-01-07 07:15:00+00:00,0.542,0.641
2026-01-07 07:30:00+00:00,0.544,0.641
2026-01-07 07:45:00+00:00,0.541,0.64
2026-01-07 08:00:00+00:00,0.546,0.64
2026-01-07 08:15:00+00:00,0.544,0.64
2026-01-07 08:30:00+00:00,0.546,0.639
2026-01-07 08:45:00+00:00,0.544,0.638
2026-01-07 09:00:00+00:00,0.543,0.638
2026-01-07 09:15:00+00:00,0.542,0.637
2026-01-07 09:30:00+00:00,0.544,0.638
2026-01-07 09:45:00+00:00,0.542,0.637
2026-01-07 10:00:00+00:00,0.542,0.637
2026-01-07 10:15:00+00:00,0.54,0.638
2026-01-07 10:30:00+00:00,0.545,0.637
2026-01-07 10:45:00+00:00,0.54,0.636
2026-01-07 11:00:00+00:00,0.544,0.637
2026-01-07 11:15:00+00:00,0.54,0.637
2026-01-07 11:30:00+00:00,0.547,0.638
2026-01-07 11:45:00+00:00,0.545,0.638
2026-01-07 12:00:00+00:00,0.539,0.639
2026-01-07 12:15:00+00:00,0.536,0.64
2026-01-07 12:30:00+00:00,0.542,0.638
2026-01-07 12:45:00+00:00,0.541,0.638
2026-01-07 13:00:00+00:00,0.536,0.639
2026-01-07 13:15:00+00:00,0.539,0.637
2026-01-07 13:30:00+00:00,0.536,0.639
2026-01-07 13:45:00+00:00,0.538,0.638
2026-01-07 14:00:00+00:00,0.534,0.638
2026-01-07 14:15:00+00:00,0.535,0.638
2026-01-07 14:30:00+00:00,0.536,0.638
2026-01-07 14:45:00+00:00,0.533,0.637
2026-01-07 15:00:00+00:00,0.537,0.638
2026-01-07 15:15:00+00:00,0.532,0.638
2026-01-07 15:30:00+00:00,0.541,0.637
2026-01-07 15:45:00+00:00,0.532,0.637
2026-01-07 16:00:00+00:00,0.535,0.636
2026-01-07 16:15:00+00:00,0.538,0.637
2026-01-07 16:30:00+00:00,0.536,0.635
2026-01-07 16:45:00+00:00,0.533,0.636
2026-01-07 17:00:00+00:00,0.53,0.635
2026-01-07 17:15:00+00:00,0.538,0.634
2026-01-07 17:30:00+00:00,0.537,0.634
2026-01-07 17:45:00+00:00,0.538,0.633
2026-01-07 18:00:00+00:00,0.535,0.633
2026-01-07 18:15:00+00:00,0.536,0.633
2026-01-07 18:30:00+00:00,0.533,0.632
2026-01-07 18:45:00+00:00,0.536,0.632
2026-01-07 19:00:00+00:00,0.541,0.632
2026-01-07 19:15:00+00:00,0.536,0.632
2026-01-07 19:30:00+00:00,0.539,0.632
2026-01-07 19:45:00+00:00,0.533,0.631
2026-01-07 20:00:00+00:00,0.541,0.631
2026-01-07 20:15:00+00:00,0.541,0.632
2026-01-07 20:30:00+00:00,0.544,0.63
2026-01-07 20:45:00+00:00,0.539,0.63
2026-01-07 21:00:00+00:00,0.543,0.63
2026-01-07 21:15:00+00:00,0.548,0.629
2026-01-07 21:30:00+00:00,0.552,0.629
2026-01-07 21:45:00+00:00,0.551,0.629
2026-01-07 22:00:00+00:00,0.555,0.629
2026-01-07 22:15:00+00:00,0.551,0.628
2026-01-07 22:30:00+00:00,0.556,0.627
2026-01-07 22:45:00+00:00,0.558,0.628
2026-01-07 23:00:00+00:00,0.559,0.628
2026-01-07 23:15:00+00:00,0.562,0.626
2026-01-07 23:30:00+00:00,0.557,0.628
2026-01-07 23:45:00+00:00,0.559,0.627
2026-01-08 00:00:00+00:00,0.561,0.626
2026-01-08 00:15:00+00:00,0.559,0.626
2026-01-08 00:30:00+00:00,0.557,0.626
2026-01-08 00:45:00+00:00,0.562,0.627
2026-01-08 01:00:00+00:00,0.56,0.626
2026-01-08 01:15:00+00:00,0.558,0.625
2026-01-08 01:30:00+00:00,0.565,0.626
2026-01-08 01:45:00+00:00,0.565,0.625
2026-01-08 02:00:00+00:00,0.562,0.626
2026-01-08 02:15:00+00:00,0.561,0.626
2026-01-08 02:30:00+00:00,0.56,0.624
2026-01-08 02:45:00+00:00,0.562,0.626
2026-01-08 03:00:00+00:00,0.561,0.625
2026-01-08 03:15:00+00:00,0.56,0.625
2026-01-08 03:30:00+00:00,0.561,0.625
2026-01-08 03:45:00+00:00,0.561,0.624
2026-01-08 04:00:00+00:00,0.56,0.623
2026-01-08 04:15:00+00:00,0.559,0.624
2026-01-08 04:30:00+00:00,0.562,0.624
2026-01-08 04:45:00+00:00,0.555,0.626
2026-01-08 05:00:00+00:00,0.558,0.624
2026-01-08 05:15:00+00:00,0.553,0.624
2026-01-08 05:30:00+00:00,0.558,0.624
2026-01-08 05:45:00+00:00,0.552,0.624
2026-01-08 06:00:00+00:00,0.556,0.623
2026-01-08 06:15:00+00:00,0.555,0.624
2026-01-08 06:30:00+00:00,0.554,0.623
2026-01-08 06:45:00+00:00,0.55,0.623
2026-01-08 07:00:00+00:00,0.553,0.623
2026-01-08 07:15:00+00:00,0.551,0.623
2026-01-08 07:30:00+00:00,0.55,0.624
2026-01-08 07:45:00+00:00,0.549,0.623
2026-01-08 08:00:00+00:00,0.542,0.622
2026-01-08 08:15:00+00:00,0.546,0.622
2026-01-08 08:30:00+00:00,0.547,0.622
2026-01-08 08:45:00+00:00,0.542,0.622
2026-01-08 09:00:00+00:00,0.546,0.623
2026-01-08 09:15:00+00:00,0.547,0.621
2026-01-08 09:30:00+00:00,0.542,0.622
2026-01-08 09:45:00+00:00,0.545,0.621
2026-01-08 10:00:00+00:00,0.541,0.621
2026-01-08 10:15:00+00:00,0.539,0.621
2026-01-08 10:30:00+00:00,0.535,0.621
2026-01-08 10:45:00+00:00,0.537,0.621
2026-01-08 11:00:00+00:00,0.543,0.622
2026-01-08 11:15:00+00:00,0.541,0.621
2026-01-08 11:30:00+00:00,0.538,0.621
2026-01-08 11:45:00+00:00,0.541,0.62
2026-01-08 12:00:00+00:00,0.539,0.621
2026-01-08 12:15:00+00:00,0.535,0.621
2026-01-08 12:30:00+00:00,0.537,0.62
2026-01-08 12:45:00+00:00,0.533,0.621
2026-01-08 13:00:00+00:00,0.536,0.62
2026-01-08 13:15:00+00:00,0.536,0.62
2026-01-08 13:30:00+00:00,0.533,0.62
2026-01-08 13:45:00+00:00,0.534,0.619
2026-01-08 14:00:00+00:00,0.538,0.62
2026-01-08 14:15:00+00:00,0.535,0.621
2026-01-08 14:30:00+00:00,0.537,0.62
2026-01-08 14:45:00+00:00,0.53,0.619
2026-01-08 15:00:00+00:00,0.529,0.62
2026-01-08 15:15:00+00:00,0.531,0.621
2026-01-08 15:30:00+00:00,0.535,0.62
2026-01-08 15:45:00+00:00,0.53,0.619
2026-01-08 16:00:00+00:00,0.531,0.619
2026-01-08 16:15:00+00:00,0.529,0.62
2026-01-08 16:30:00+00:00,0.53,0.621
2026-01-08 16:45:00+00:00,0.528,0.62
2026-01-08 17:00:00+00:00,0.53,0.619
2026-01-08 17:15:00+00:00,0.526,0.62
2026-01-08 17:30:00+00:00,0.532,0.619
2026-01-08 17:45:00+00:00,0.528,0.62
2026-01-08 18:00:00+00:00,0.53,0.619
2026-01-08 18:15:00+00:00,0.522,0.62
2026-01-08 18:30:00+00:00,0.525,0.619
2026-01-08 18:45:00+00:00,0.522,0.62
2026-01-08 19:00:00+00:00,0.522,0.619
2026-01-08 19:15:00+00:00,0.523,0.619
2026-01-08 19:30:00+00:00,0.519,0.62
2026-01-08 19:45:00+00:00,0.521,0.62
2026-01-08 20:00:00+00:00,0.52,0.619
2026-01-08 20:15:00+00:00,0.524,0.619
2026-01-08 20:30:00+00:00,0.515,0.62
2026-01-08 20:45:00+00:00,0.525,0.62
2026-01-08 21:00:00+00:00,0.52,0.619
2026-01-08 21:15:00+00:00,0.519,0.619
2026-01-08 21:30:00+00:00,0.519,0.62
2026-01-08 21:45:00+00:00,0.518,0.623
2026-01-08 22:00:00+00:00,0.519,0.624
2026-01-08 22:15:00+00:00,0.52,0.623
2026-01-08 22:30:00+00:00,0.52,0.622
2026-01-08 22:45:00+00:00,0.517,0.622
2026-01-08 23:00:00+00:00,0.518,0.622
2026-01-08 23:15:00+00:00,0.513,0.622
2026-01-08 23:30:00+00:00,0.518,0.623
2026-01-08 23:45:00+00:00,0.52,0.622
2026-01-09 00:00:00+00:00,0.515,0.621
2026-01-09 00:15:00+00:00,0.516,0.622
2026-01-09 00:30:00+00:00,0.52,0.623
2026-01-09 00:45:00+00:00,0.514,0.622
2026-01-09 01:00:00+00:00,0.519,0.621
2026-01-09 01:15:00+00:00,0.515,0.622
2026-01-09 01:30:00+00:00,0.516,0.621
2026-01-09 01:45:00+00:00,0.511,0.622
2026-01-09 02:00:00+00:00,0.515,0.621
2026-01-09 02:15:00+00:00,0.518,0.622
2026-01-09 02:30:00+00:00,0.521,0.621
2026-01-09 02:45:00+00:00,0.513,0.621
2026-01-09 03:00:00+00:00,0.512,0.622
2026-01-09 03:15:00+00:00,0.512,0.621
2026-01-09 03:30:00+00:00,0.515,0.621
2026-01-09 03:45:00+00:00,0.514,0.622
2026-01-09 04:00:00+00:00,0.514,0.621
2026-01-09 04:15:00+00:00,0.51,0.622
2026-01-09 04:30:00+00:00,0.514,0.621
2026-01-09 04:45:00+00:00,0.516,0.622
2026-01-09 05:00:00+00:00,0.511,0.62
2026-01-09 05:15:00+00:00,0.508,0.621
2026-01-09 05:30:00+00:00,0.509,0.621
2026-01-09 05:45:00+00:00,0.51,0.621
2026-01-09 06:00:00+00:00,0.508,0.621
2026-01-09 06:15:00+00:00,0.512,0.619
2026-01-09 06:30:00+00:00,0.512,0.62
2026-01-09 06:45:00+00:00,0.51,0.62
2026-01-09 07:00:00+00:00,0.513,0.621
2026-01-09 07:15:00+00:00,0.512,0.62
2026-01-09 07:30:00+00:00,0.514,0.62
2026-01-09 07:45:00+00:00,0.509,0.619
2026-01-09 08:00:00+00:00,0.507,0.621
2026-01-09 08:15:00+00:00,0.511,0.621
2026-01-09 08:30:00+00:00,0.509,0.62
2026-01-09 08:45:00+00:00,0.509,0.62
2026-01-09 09:00:00+00:00,0.506,0.62
2026-01-09 09:15:00+00:00,0.509,0.62
2026-01-09 09:30:00+00:00,0.509,0.619
2026-01-09 09:45:00+00:00,0.507,0.619
2026-01-09 10:00:00+00:00,0.506,0.618
2026-01-09 10:15:00+00:00,0.51,0.619
2026-01-09 10:30:00+00:00,0.511,0.619
2026-01-09 10:45:00+00:00,0.508,0.619
2026-01-09 11:00:00+00:00,0.505,0.619
2026-01-09 11:15:00+00:00,0.505,0.619
2026-01-09 11:30:00+00:00,0.505,0.619
2026-01-09 11:45:00+00:00,0.509,0.619
2026-01-09 12:00:00+00:00,0.505,0.619
2026-01-09 12:15:00+00:00,0.507,0.619
2026-01-09 12:30:00+00:00,0.507,0.618
2026-01-09 12:45:00+00:00,0.503,0.619
2026-01-09 13:00:00+00:00,0.51,0.619
2026-01-09 13:15:00+00:00,0.508,0.617
2026-01-09 13:30:00+00:00,0.509,0.617
2026-01-09 13:45:00+00:00,0.507,0.617
2026-01-09 14:00:00+00:00,0.503,0.617
2026-01-09 14:15:00+00:00,0.509,0.617
2026-01-09 14:30:00+00:00,0.502,0.617
2026-01-09 14:45:00+00:00,0.504,0.616
2026-01-09 15:00:00+00:00,0.505,0.617
2026-01-09 15:15:00+00:00,0.505,0.617
2026-01-09 15:30:00+00:00,0.505,0.617
2026-01-09 15:45:00+00:00,0.503,0.618
2026-01-09 16:00:00+00:00,0.506,0.617
2026-01-09 16:15:00+00:00,0.502,0.616
2026-01-09 16:30:00+00:00,0.506,0.616
2026-01-09 16:45:00+00:00,0.506,0.617
2026-01-09 17:00:00+00:00,0.505,0.616
2026-01-09 17:15:00+00:00,0.509,0.615
2026-01-09 17:30:00+00:00,0.502,0.616
2026-01-09 17:45:00+00:00,0.505,0.615
2026-01-09 18:00:00+00:00,0.5,0.614
2026-01-09 18:15:00+00:00,0.502,0.614
2026-01-09 18:30:00+00:00,0.498,0.614
2026-01-09 18:45:00+00:00,0.505,0.614
2026-01-09 19:00:00+00:00,0.502,0.614
2026-01-09 19:15:00+00:00,0.503,0.613
2026-01-09 19:30:00+00:00,0.501,0.614
2026-01-09 19:45:00+00:00,0.499,0.613
2026-01-09 20:00:00+00:00,0.498,0.613
2026-01-09 20:15:00+00:00,0.5,0.613
2026-01-09 20:30:00+00:00,0.498,0.613
2026-01-09 20:45:00+00:00,0.495,0.613
2026-01-09 21:00:00+00:00,0.499,0.613
2026-01-09 21:15:00+00:00,0.499,0.613
2026-01-09 21:30:00+00:00,0.5,0.613
2026-01-09 21:45:00+00:00,0.494,0.612
2026-01-09 22:00:00+00:00,0.494,0.611
2026-01-09 22:15:00+00:00,0.495,0.612
2026-01-09 22:30:00+00:00,0.498,0.612
2026-01-09 22:45:00+00:00,0.498,0.612
2026-01-09 23:00:00+00:00,0.499,0.612
2026-01-09 23:15:00+00:00,0.493,0.611
2026-01-09 23:30:00+00:00,0.497,0.611
2026-01-09 23:45:00+00:00,0.499,0.611
2026-01-10 00:00:00+00:00,0.496,0.611
2026-01-10 00:15:00+00:00,0.496,0.611
2026-01-10 00:30:00+00:00,0.499,0.611
2026-01-10 00:45:00+00:00,0.492,0.611
2026-01-10 01:00:00+00:00,0.496,0.611
2026-01-10 01:15:00+00:00,0.49,0.61
2026-01-10 01:30:00+00:00,0.498,0.61
2026-01-10 01:45:00+00:00,0.498,0.611
2026-01-10 02:00:00+00:00,0.496,0.61
2026-01-10 02:15:00+00:00,0.498,0.61
2026-01-10 02:30:00+00:00,0.491,0.61
2026-01-10 02:45:00+00:00,0.497,0.61
2026-01-10 03:00:00+00:00,0.493,0.61
2026-01-10 03:15:00+00:00,0.495,0.609
2026-01-10 03:30:00+00:00,0.499,0.609
2026-01-10 03:45:00+00:00,0.496,0.609
2026-01-10 04:00:00+00:00,0.494,0.61
2026-01-10 04:15:00+00:00,0.494,0.61
2026-01-10 04:30:00+00:00,0.495,0.609
2026-01-10 04:45:00+00:00,0.497,0.608
2026-01-10 05:00:00+00:00,0.495,0.609
2026-01-10 05:15:00+00:00,0.495,0.609
2026-01-10 05:30:00+00:00,0.496,0.609
2026-01-10 05:45:00+00:00,0.495,0.609
2026-01-10 06:00:00+00:00,0.493,0.608
2026-01-10 06:15:00+00:00,0.497,0.608
2026-01-10 06:30:00+00:00,0.491,0.607
2026-01-10 06:45:00+00:00,0.492,0.607
2026-01-10 07:00:00+00:00,0.495,0.607
2026-01-10 07:15:00+00:00,0.493,0.607
2026-01-10 07:30:00+00:00,0.497,0.608
2026-01-10 07:45:00+00:00,0.49,0.607
2026-01-10 08:00:00+00:00,0.493,0.607
2026-01-10 08:15:00+00:00,0.494,0.607
2026-01-10 08:30:00+00:00,0.494,0.605
2026-01-10 08:45:00+00:00,0.489,0.606
2026-01-10 09:00:00+00:00,0.493,0.606
2026-01-10 09:15:00+00:00,0.494,0.608
2026-01-10 09:30:00+00:00,0.487,0.607
2026-01-10 09:45:00+00:00,0.491,0.607
2026-01-10 10:00:00+00:00,0.496,0.606
2026-01-10 10:15:00+00:00,0.489,0.606
2026-01-10 10:30:00+00:00,0.488,0.606
2026-01-10 10:45:00+00:00,0.491,0.605
2026-01-10 11:00:00+00:00,0.493,0.605
2026-01-10 11:15:00+00:00,0.497,0.606
2026-01-10 11:30:00+00:00,0.488,0.605
2026-01-10 11:45:00+00:00,0.489,0.605
2026-01-10 12:00:00+00:00,0.487,0.604
2026-01-10 12:15:00+00:00,0.492,0.605
2026-01-10 12:30:00+00:00,0.49,0.605
2026-01-10 12:45:00+00:00,0.492,0.604
2026-01-10 13:00:00+00:00,0.491,0.604
2026-01-10 13:15:00+00:00,0.495,0.605
2026-01-10 13:30:00+00:00,0.488,0.603
2026-01-10 13:45:00+00:00,0.49,0.603
2026-01-10 14:00:00+00:00,0.486,0.603
2026-01-10 14:15:00+00:00,0.493,0.604
2026-01-10 14:30:00+00:00,0.492,0.604
2026-01-10 14:45:00+00:00,0.486,0.603
2026-01-10 15:00:00+00:00,0.49,0.603
2026-01-10 15:15:00+00:00,0.489,0.603
2026-01-10 15:30:00+00:00,0.493,0.604
2026-01-10 15:45:00+00:00,0.492,0.603
2026-01-10 16:00:00+00:00,0.489,0.603
2026-01-10 16:15:00+00:00,0.486,0.602
2026-01-10 16:30:00+00:00,0.493,0.602
2026-01-10 16:45:00+00:00,0.489,0.604
2026-01-10 17:00:00+00:00,0.487,0.602
2026-01-10 17:15:00+00:00,0.487,0.603
2026-01-10 17:30:00+00:00,0.487,0.601
2026-01-10 17:45:00+00:00,0.483,0.602
2026-01-10 18:00:00+00:00,0.484,0.602
2026-01-10 18:15:00+00:00,0.485,0.603
2026-01-10 18:30:00+00:00,0.487,0.602
2026-01-10 18:45:00+00:00,0.488,0.602
2026-01-10 19:00:00+00:00,0.49,0.601
2026-01-10 19:15:00+00:00,0.484,0.602
2026-01-10 19:30:00+00:00,0.485,0.602
2026-01-10 19:45:00+00:00,0.49,0.603
2026-01-10 20:00:00+00:00,0.487,0.602
2026-01-10 20:15:00+00:00,0.485,0.603
2026-01-10 20:30:00+00:00,0.484,0.602
2026-01-10 20:45:00+00:00,0.481,0.601
2026-01-10 21:00:00+00:00,0.485,0.601
2026-01-10 21:15:00+00:00,0.491,0.602
2026-01-10 21:30:00+00:00,0.487,0.603
2026-01-10 21:45:00+00:00,0.486,0.601
2026-01-10 22:00:00+00:00,0.486,0.601
2026-01-10 22:15:00+00:00,0.48,0.601
2026-01-10 22:30:00+00:00,0.491,0.601
2026-01-10 22:45:00+00:00,0.486,0.602
2026-01-10 23:00:00+00:00,0.485,0.602
2026-01-10 23:15:00+00:00,0.483,0.602
2026-01-10 23:30:00+00:00,0.483,0.602
2026-01-10 23:45:00+00:00,0.483,0.601
2026-01-11 00:00:00+00:00,0.485,0.601
2026-01-11 00:15:00+00:00,0.485,0.602
2026-01-11 00:30:00+00:00,0.483,0.602
2026-01-11 00:45:00+00:00,0.479,0.602
2026-01-11 01:00:00+00:00,0.478,0.602
2026-01-11 01:15:00+00:00,0.483,0.601
2026-01-11 01:30:00+00:00,0.482,0.602
2026-01-11 01:45:00+00:00,0.48,0.6
2026-01-11 02:00:00+00:00,0.485,0.602
2026-01-11 02:15:00+00:00,0.482,0.601
2026-01-11 02:30:00+00:00,0.481,0.602
2026-01-11 02:45:00+00:00,0.482,0.602
2026-01-11 03:00:00+00:00,0.483,0.602
2026-01-11 03:15:00+00:00,0.482,0.601
2026-01-11 03:30:00+00:00,0.483,0.601
2026-01-11 03:45:00+00:00,0.482,0.602
2026-01-11 04:00:00+00:00,0.481,0.6
2026-01-11 04:15:00+00:00,0.481,0.601
2026-01-11 04:30:00+00:00,0.482,0.603
2026-01-11 04:45:00+00:00,0.479,0.602
2026-01-11 05:00:00+00:00,0.48,0.601
2026-01-11 05:15:00+00:00,0.481,0.602
2026-01-11 05:30:00+00:00,0.48,0.601
2026-01-11 05:45:00+00:00,0.482,0.602
2026-01-11 06:00:00+00:00,0.483,0.603
2026-01-11 06:15:00+00:00,0.481,0.602
2026-01-11 06:30:00+00:00,0.483,0.604
2026-01-11 06:45:00+00:00,0.48,0.606
2026-01-11 07:00:00+00:00,0.482,0.607
2026-01-11 07:15:00+00:00,0.486,0.605
2026-01-11 07:30:00+00:00,0.479,0.609
2026-01-11 07:45:00+00:00,0.482,0.605
2026-01-11 08:00:00+00:00,0.481,0.609
2026-01-11 08:15:00+00:00,0.484,0.61
2026-01-11 08:30:00+00:00,0.482,0.608
2026-01-11 08:45:00+00:00,0.485,0.61
2026-01-11 09:00:00+00:00,0.481,0.609
2026-01-11 09:15:00+00:00,0.486,0.609
2026-01-11 09:30:00+00:00,0.491,0.611
2026-01-11 09:45:00+00:00,0.489,0.61
2026-01-11 10:00:00+00:00,0.488,0.613
2026-01-11 10:15:00+00:00,0.495,0.611
2026-01-11 10:30:00+00:00,0.49,0.612
2026-01-11 10:45:00+00:00,0.495,0.613
2026-01-11 11:00:00+00:00,0.493,0.615
2026-01-11 11:15:00+00:00,0.495,0.613
2026-01-11 11:30:00+00:00,0.502,0.615
2026-01-11 11:45:00+00:00,0.503,0.616
2026-01-11 12:00:00+00:00,0.505,0.615
2026-01-11 12:15:00+00:00,0.505,0.614
2026-01-11 12:30:00+00:00,0.511,0.615
2026-01-11 12:45:00+00:00,0.513,0.614
2026-01-11 13:00:00+00:00,0.515,0.615
2026-01-11 13:15:00+00:00,0.517,0.614
2026-01-11 13:30:00+00:00,0.518,0.615
2026-01-11 13:45:00+00:00,0.521,0.616
2026-01-11 14:00:00+00:00,0.527,0.617
2026-01-11 14:15:00+00:00,0.532,0.616
2026-01-11 14:30:00+00:00,0.533,0.619
2026-01-11 14:45:00+00:00,0.538,0.619
2026-01-11 15:00:00+00:00,0.542,0.621
2026-01-11 15:15:00+00:00,0.547,0.62
2026-01-11 15:30:00+00:00,0.552,0.624
2026-01-11 15:45:00+00:00,0.556,0.623
2026-01-11 16:00:00+00:00,0.567,0.624
2026-01-11 16:15:00+00:00,0.574,0.624
2026-01-11 16:30:00+00:00,0.587,0.623
2026-01-11 16:45:00+00:00,0.602,0.625
2026-01-11 17:00:00+00:00,0.61,0.625
2026-01-11 17:15:00+00:00,0.629,0.625
2026-01-11 17:30:00+00:00,0.639,0.625
2026-01-11 17:45:00+00:00,0.658,0.626
2026-01-11 18:00:00+00:00,0.667,0.628
2026-01-11 18:15:00+00:00,0.677,0.633
2026-01-11 18:30:00+00:00,0.687,0.635
2026-01-11 18:45:00+00:00,0.697,0.639
2026-01-11 19:00:00+00:00,0.709,0.64
2026-01-11 19:15:00+00:00,0.711,0.644
2026-01-11 19:30:00+00:00,0.713,0.645
2026-01-11 19:45:00+00:00,0.716,0.647
2026-01-11 20:00:00+00:00,0.722,0.65
2026-01-11 20:15:00+00:00,0.721,0.654
2026-01-11 20:30:00+00:00,0.726,0.658
2026-01-11 20:45:00+00:00,0.733,0.661
2026-01-11 21:00:00+00:00,0.73,0.668
2026-01-11 21:15:00+00:00,0.733,0.674
2026-01-11 21:30:00+00:00,0.725,0.682
2026-01-11 21:45:00+00:00,0.734,0.69
2026-01-11 22:00:00+00:00,0.727,0.701
2026-01-11 22:15:00+00:00,0.736,0.709
2026-01-11 22:30:00+00:00,0.735,0.717
2026-01-11 22:45:00+00:00,0.74,0.721
2026-01-11 23:00:00+00:00,0.736,0.726
2026-01-11 23:15:00+00:00,0.749,0.727
2026-01-11 23:30:00+00:00,0.761,0.729
2026-01-11 23:45:00+00:00,0.762,0.73
2026-01-12 00:00:00+00:00,0.778,0.731
2026-01-12 00:15:00+00:00,0.793,0.733
2026-01-12 00:30:00+00:00,0.82,0.733
2026-01-12 00:45:00+00:00,0.847,0.733
2026-01-12 01:00:00+00:00,0.897,0.736
2026-01-12 01:15:00+00:00,0.926,0.737
2026-01-12 01:30:00+00:00,0.984,0.739
2026-01-12 01:45:00+00:00,1.044,0.742
2026-01-12 02:00:00+00:00,1.098,0.744
2026-01-12 02:15:00+00:00,1.162,0.747
2026-01-12 02:30:00+00:00,1.219,0.749
2026-01-12 02:45:00+00:00,1.283,0.752
2026-01-12 03:00:00+00:00,1.342,0.755
2026-01-12 03:15:00+00:00,1.422,0.758
2026-01-12 03:30:00+00:00,1.465,0.764
2026-01-12 03:45:00+00:00,1.526,0.77
2026-01-12 04:00:00+00:00,1.581,0.774
2026-01-12 04:15:00+00:00,1.634,0.778
2026-01-12 04:30:00+00:00,1.673,0.784
2026-01-12 04:45:00+00:00,1.727,0.789
2026-01-12 05:00:00+00:00,1.773,0.795
2026-01-12 05:15:00+00:00,1.797,0.801
2026-01-12 05:30:00+00:00,1.843,0.808
2026-01-12 05:45:00+00:00,1.873,0.816
2026-01-12 06:00:00+00:00,1.908,0.821
2026-01-12 06:15:00+00:00,1.961,0.827
2026-01-12 06:30:00+00:00,1.978,0.837
2026-01-12 06:45:00+00:00,2.011,0.844
2026-01-12 07:00:00+00:00,2.04,0.853
2026-01-12 07:15:00+00:00,2.06,0.861
2026-01-12 07:30:00+00:00,2.081,0.871
2026-01-12 07:45:00+00:00,2.119,0.879
2026-01-12 08:00:00+00:00,2.132,0.889
2026-01-12 08:15:00+00:00,2.168,0.899
2026-01-12 08:30:00+00:00,2.202,0.909
2026-01-12 08:45:00+00:00,2.21,0.917
2026-01-12 09:00:00+00:00,2.232,0.927
2026-01-12 09:15:00+00:00,2.225,0.932
2026-01-12 09:30:00+00:00,2.214,0.941
2026-01-12 09:45:00+00:00,2.266,0.944
2026-01-12 10:00:00+00:00,2.256,0.95
2026-01-12 10:15:00+00:00,2.203,0.953
2026-01-12 10:30:00+00:00,2.231,0.955
2026-01-12 10:45:00+00:00,2.219,0.96
2026-01-12 11:00:00+00:00,2.221,0.962
2026-01-12 11:15:00+00:00,2.222,0.963
2026-01-12 11:30:00+00:00,2.233,0.97
2026-01-12 11:45:00+00:00,2.196,0.974
2026-01-12 12:00:00+00:00,2.187,0.979
2026-01-12 12:15:00+00:00,2.162,0.981
2026-01-12 12:30:00+00:00,2.165,0.985
2026-01-12 12:45:00+00:00,2.162,0.993
2026-01-12 13:00:00+00:00,2.149,0.994
2026-01-12 13:15:00+00:00,2.109,1.0
2026-01-12 13:30:00+00:00,2.084,1.001
2026-01-12 13:45:00+00:00,2.098,1.004
2026-01-12 14:00:00+00:00,2.089,1.002
2026-01-12 14:15:00+00:00,2.041,1.004
2026-01-12 14:30:00+00:00,2.04,1.003
2026-01-12 14:45:00+00:00,2.005,1.002
2026-01-12 15:00:00+00:00,1.989,1.0
2026-01-12 15:15:00+00:00,1.989,1.001
2026-01-12 15:30:00+00:00,1.957,0.999
2026-01-12 15:45:00+00:00,1.936,0.996
2026-01-12 16:00:00+00:00,1.909,0.996
2026-01-12 16:15:00+00:00,1.903,0.991
2026-01-12 16:30:00+00:00,1.882,0.99
2026-01-12 16:45:00+00:00,1.845,0.988
2026-01-12 17:00:00+00:00,1.837,0.985
2026-01-12 17:15:00+00:00,1.818,0.982
2026-01-12 17:30:00+00:00,1.804,0.977
2026-01-12 17:45:00+00:00,1.802,0.976
2026-01-12 18:00:00+00:00,1.769,0.974
2026-01-12 18:15:00+00:00,1.766,0.968
2026-01-12 18:30:00+00:00,1.747,0.964
2026-01-12 18:45:00+00:00,1.733,0.961
2026-01-12 19:00:00+00:00,1.726,0.958
2026-01-12 19:15:00+00:00,1.71,0.956
2026-01-12 19:30:00+00:00,1.709,0.953
2026-01-12 19:45:00+00:00,1.688,0.95
2026-01-12 20:00:00+00:00,1.686,0.947
2026-01-12 20:15:00+00:00,1.666,0.946
2026-01-12 20:30:00+00:00,1.645,0.94
2026-01-12 20:45:00+00:00,1.635,0.94
2026-01-12 21:00:00+00:00,1.631,0.937
2026-01-12 21:15:00+00:00,1.638,0.937
2026-01-12 21:30:00+00:00,1.621,0.933
2026-01-12 21:45:00+00:00,1.611,0.934
2026-01-12 22:00:00+00:00,1.613,0.934
2026-01-12 22:15:00+00:00,1.606,0.931
2026-01-12 22:30:00+00:00,1.604,0.931
2026-01-12 22:45:00+00:00,1.577,0.93
2026-01-12 23:00:00+00:00,1.573,0.93
2026-01-12 23:15:00+00:00,1.582,0.928
2026-01-12 23:30:00+00:00,1.573,0.93
2026-01-12 23:45:00+00:00,1.585,0.927
2026-01-13 00:00:00+00:00,1.586,0.928
2026-01-13 00:15:00+00:00,1.573,0.932
2026-01-13 00:30:00+00:00,1.586,0.931
2026-01-13 00:45:00+00:00,1.588,0.928
2026-01-13 01:00:00+00:00,1.6,0.926
2026-01-13 01:15:00+00:00,1.577,0.924
2026-01-13 01:30:00+00:00,1.596,0.923
2026-01-13 01:45:00+00:00,1.601,0.921
2026-01-13 02:00:00+00:00,1.597,0.92
2026-01-13 02:15:00+00:00,1.615,0.918
2026-01-13 02:30:00+00:00,1.592,0.92
2026-01-13 02:45:00+00:00,1.618,0.92
2026-01-13 03:00:00+00:00,1.637,0.92
2026-01-13 03:15:00+00:00,1.624,0.917
2026-01-13 03:30:00+00:00,1.638,0.916
2026-01-13 03:45:00+00:00,1.647,0.917
2026-01-13 04:00:00+00:00,1.661,0.917
2026-01-13 04:15:00+00:00,1.672,0.915
2026-01-13 04:30:00+00:00,1.68,0.918
2026-01-13 04:45:00+00:00,1.687,0.916
2026-01-13 05:00:00+00:00,1.688,0.918
2026-01-13 05:15:00+00:00,1.718,0.918
2026-01-13 05:30:00+00:00,1.727,0.923
2026-01-13 05:45:00+00:00,1.706,0.925
2026-01-13 06:00:00+00:00,1.74,0.924
2026-01-13 06:15:00+00:00,1.778,0.928
2026-01-13 06:30:00+00:00,1.782,0.931
2026-01-13 06:45:00+00:00,1.786,0.933
2026-01-13 07:00:00+00:00,1.821,0.934
2026-01-13 07:15:00+00:00,1.827,0.934
2026-01-13 07:30:00+00:00,1.847,0.933
2026-01-13 07:45:00+00:00,1.851,0.935
2026-01-13 08:00:00+00:00,1.85,0.936
2026-01-13 08:15:00+00:00,1.877,0.941
2026-01-13 08:30:00+00:00,1.887,0.944
2026-01-13 08:45:00+00:00,1.871,0.944
2026-01-13 09:00:00+00:00,1.9,0.949
2026-01-13 09:15:00+00:00,1.917,0.955
2026-01-13 09:30:00+00:00,1.904,0.96
2026-01-13 09:45:00+00:00,1.914,0.966
2026-01-13 10:00:00+00:00,1.912,0.971
2026-01-13 10:15:00+00:00,1.932,0.976
2026-01-13 10:30:00+00:00,1.928,0.984
2026-01-13 10:45:00+00:00,1.924,0.991
2026-01-13 11:00:00+00:00,1.955,0.999
2026-01-13 11:15:00+00:00,1.966,1.008
2026-01-13 11:30:00+00:00,1.958,1.015
2026-01-13 11:45:00+00:00,1.983,1.021
2026-01-13 12:00:00+00:00,1.988,1.032
2026-01-13 12:15:00+00:00,1.991,1.037
2026-01-13 12:30:00+00:00,2.02,1.05
2026-01-13 12:45:00+00:00,2.036,1.059
2026-01-13 13:00:00+00:00,2.057,1.067
2026-01-13 13:15:00+00:00,2.04,1.076
2026-01-13 13:30:00+00:00,2.104,1.086
2026-01-13 13:45:00+00:00,2.109,1.095
2026-01-13 14:00:00+00:00,2.132,1.105
2026-01-13 14:15:00+00:00,2.168,1.116
2026-01-13 14:30:00+00:00,2.188,1.125
2026-01-13 14:45:00+00:00,2.207,1.137
2026-01-13 15:00:00+00:00,2.233,1.143
2026-01-13 15:15:00+00:00,2.264,1.153
2026-01-13 15:30:00+00:00,2.301,1.158
